spatial_group,total_sources,industrial_sources,industrial_percent,has_industrial,fold
16_153,2,0,0.0,False,train
16_154,61,0,0.0,False,train
16_155,36,0,0.0,False,train
16_156,4,0,0.0,False,train
17_153,6,0,0.0,False,train
17_154,30,0,0.0,False,train
17_155,113,0,0.0,False,train
17_156,73,0,0.0,False,train
18_152,23,0,0.0,False,train
18_153,50,0,0.0,False,train
18_154,51,2,3.9215686274509802,True,test
18_155,238,0,0.0,False,train
18_156,120,0,0.0,False,train
18_157,1,0,0.0,False,train
19_152,31,0,0.0,False,train
19_153,101,0,0.0,False,validation
19_154,114,0,0.0,False,train
19_155,269,2,0.7434944237918215,True,train
19_156,192,0,0.0,False,train
19_157,24,0,0.0,False,train
20_152,9,0,0.0,False,train
20_153,40,0,0.0,False,train
20_154,186,18,9.67741935483871,True,train
20_155,209,0,0.0,False,test
20_156,62,0,0.0,False,train
20_157,64,0,0.0,False,train
21_151,6,0,0.0,False,train
21_152,67,0,0.0,False,train
21_153,66,0,0.0,False,train
21_154,33,1,3.0303030303030303,True,test
21_155,58,0,0.0,False,validation
21_156,54,0,0.0,False,test
21_157,144,0,0.0,False,test
21_158,28,0,0.0,False,train
22_151,6,0,0.0,False,train
22_152,66,1,1.5151515151515151,True,train
22_153,161,13,8.074534161490684,True,train
22_154,90,0,0.0,False,train
22_155,131,0,0.0,False,train
22_156,126,1,0.7936507936507936,True,train
22_157,237,5,2.109704641350211,True,train
22_158,177,0,0.0,False,train
23_151,12,0,0.0,False,train
23_152,38,0,0.0,False,test
23_153,83,1,1.2048192771084338,True,validation
23_154,65,0,0.0,False,train
23_155,58,0,0.0,False,train
23_156,78,1,1.282051282051282,True,train
23_157,125,2,1.6,True,test
23_158,193,0,0.0,False,test
23_159,16,0,0.0,False,train
24_150,6,0,0.0,False,validation
24_151,25,0,0.0,False,train
24_152,58,0,0.0,False,train
24_153,156,0,0.0,False,validation
24_154,168,1,0.5952380952380952,True,train
24_155,123,8,6.504065040650407,True,validation
24_156,36,0,0.0,False,train
24_157,169,0,0.0,False,validation
24_158,153,0,0.0,False,train
24_159,66,0,0.0,False,train
25_149,2,0,0.0,False,train
25_150,19,0,0.0,False,train
25_151,95,1,1.0526315789473684,True,test
25_152,109,0,0.0,False,train
25_153,269,0,0.0,False,test
25_154,332,0,0.0,False,train
25_155,333,1,0.3003003003003003,True,test
25_156,245,0,0.0,False,train
25_157,322,0,0.0,False,train
25_158,268,0,0.0,False,test
25_159,244,1,0.4098360655737705,True,train
25_160,4,0,0.0,False,train
26_149,7,0,0.0,False,train
26_150,45,0,0.0,False,train
26_151,102,0,0.0,False,train
26_152,151,1,0.6622516556291391,True,test
26_153,169,0,0.0,False,train
26_154,359,1,0.2785515320334262,True,validation
26_155,312,0,0.0,False,train
26_156,346,0,0.0,False,train
26_157,378,2,0.5291005291005291,True,validation
26_158,426,1,0.2347417840375587,True,train
26_159,250,0,0.0,False,test
26_160,56,0,0.0,False,train
27_149,15,0,0.0,False,train
27_150,22,0,0.0,False,test
27_151,189,2,1.0582010582010581,True,train
27_152,160,0,0.0,False,train
27_153,211,0,0.0,False,train
27_154,177,0,0.0,False,train
27_155,353,0,0.0,False,train
27_156,339,0,0.0,False,train
27_157,335,0,0.0,False,train
27_158,287,2,0.6968641114982579,True,train
27_159,211,1,0.47393364928909953,True,train
27_160,27,0,0.0,False,train
28_148,1,0,0.0,False,train
28_149,22,0,0.0,False,train
28_150,159,1,0.628930817610063,True,test
28_151,171,0,0.0,False,test
28_152,167,0,0.0,False,test
28_153,105,0,0.0,False,train
28_154,134,0,0.0,False,train
28_155,297,2,0.6734006734006733,True,train
28_156,343,0,0.0,False,train
28_157,358,1,0.27932960893854747,True,train
28_158,161,1,0.6211180124223602,True,validation
28_159,74,0,0.0,False,train
28_160,20,1,5.0,True,validation
29_148,6,0,0.0,False,train
29_149,61,0,0.0,False,test
29_150,207,0,0.0,False,train
29_151,186,0,0.0,False,test
29_152,73,0,0.0,False,train
29_153,70,0,0.0,False,test
29_154,75,0,0.0,False,train
29_155,223,3,1.345291479820628,True,train
29_156,116,0,0.0,False,train
29_157,286,0,0.0,False,train
29_158,175,3,1.7142857142857144,True,train
29_159,122,0,0.0,False,train
29_160,13,0,0.0,False,train
30_147,1,0,0.0,False,validation
30_148,50,0,0.0,False,train
30_149,275,0,0.0,False,train
30_150,125,1,0.8,True,test
30_151,152,0,0.0,False,train
30_152,102,0,0.0,False,validation
30_153,217,4,1.8433179723502304,True,validation
30_154,106,0,0.0,False,train
30_155,109,0,0.0,False,train
30_156,212,1,0.4716981132075472,True,train
30_157,583,1,0.17152658662092624,True,train
30_158,163,0,0.0,False,train
30_159,104,0,0.0,False,test
30_160,32,0,0.0,False,train
31_147,55,0,0.0,False,train
31_148,171,0,0.0,False,train
31_149,211,0,0.0,False,train
31_150,218,0,0.0,False,test
31_151,117,1,0.8547008547008548,True,validation
31_152,41,0,0.0,False,train
31_153,476,0,0.0,False,train
31_154,107,1,0.9345794392523363,True,train
31_155,145,0,0.0,False,train
31_156,192,1,0.5208333333333333,True,train
31_157,591,4,0.676818950930626,True,test
31_158,259,1,0.3861003861003861,True,train
31_159,242,0,0.0,False,train
31_160,104,0,0.0,False,train
31_161,11,0,0.0,False,train
31_162,2,0,0.0,False,train
32_147,264,1,0.3787878787878788,True,train
32_148,308,0,0.0,False,train
32_149,93,0,0.0,False,validation
32_150,222,0,0.0,False,train
32_151,209,0,0.0,False,train
32_152,152,0,0.0,False,validation
32_153,253,1,0.3952569169960474,True,train
32_154,295,1,0.3389830508474576,True,train
32_155,256,0,0.0,False,train
32_156,192,0,0.0,False,train
32_157,530,3,0.5660377358490566,True,test
32_158,179,0,0.0,False,train
32_159,181,0,0.0,False,train
32_160,194,0,0.0,False,train
32_161,341,7,2.0527859237536656,True,train
32_162,30,0,0.0,False,validation
32_163,3,0,0.0,False,train
33_146,17,0,0.0,False,validation
33_147,446,0,0.0,False,train
33_148,280,0,0.0,False,train
33_149,186,0,0.0,False,train
33_150,99,0,0.0,False,test
33_151,100,0,0.0,False,test
33_152,121,0,0.0,False,train
33_153,344,3,0.872093023255814,True,train
33_154,187,2,1.06951871657754,True,train
33_155,157,0,0.0,False,validation
33_156,129,0,0.0,False,train
33_157,102,0,0.0,False,train
33_158,123,0,0.0,False,train
33_159,228,0,0.0,False,train
33_160,242,0,0.0,False,validation
33_161,208,0,0.0,False,train
33_162,78,0,0.0,False,train
33_163,107,0,0.0,False,train
33_164,77,0,0.0,False,validation
34_146,98,1,1.0204081632653061,True,train
34_147,392,4,1.0204081632653061,True,train
34_148,184,0,0.0,False,train
34_149,84,0,0.0,False,validation
34_150,57,0,0.0,False,train
34_151,90,0,0.0,False,train
34_152,167,0,0.0,False,train
34_153,152,0,0.0,False,validation
34_154,147,0,0.0,False,train
34_155,238,0,0.0,False,validation
34_156,195,0,0.0,False,validation
34_157,148,0,0.0,False,train
34_158,227,0,0.0,False,train
34_159,193,0,0.0,False,train
34_160,317,0,0.0,False,validation
34_161,353,1,0.28328611898017,True,train
34_162,410,2,0.4878048780487805,True,train
34_163,343,0,0.0,False,train
34_164,189,1,0.5291005291005291,True,train
34_165,15,0,0.0,False,test
35_146,346,0,0.0,False,test
35_147,437,1,0.2288329519450801,True,test
35_148,124,0,0.0,False,train
35_149,132,0,0.0,False,train
35_150,218,0,0.0,False,train
35_151,182,0,0.0,False,train
35_152,174,0,0.0,False,train
35_153,136,0,0.0,False,train
35_154,255,0,0.0,False,train
35_155,243,0,0.0,False,validation
35_156,337,1,0.2967359050445104,True,train
35_157,131,0,0.0,False,test
35_158,183,0,0.0,False,test
35_159,332,0,0.0,False,train
35_160,633,4,0.631911532385466,True,train
35_161,509,0,0.0,False,train
35_162,514,0,0.0,False,train
35_163,718,15,2.0891364902506964,True,train
35_164,577,2,0.34662045060658575,True,train
35_165,252,7,2.7777777777777777,True,train
35_166,57,5,8.771929824561402,True,train
35_167,2,0,0.0,False,train
36_145,21,0,0.0,False,validation
36_146,603,10,1.658374792703151,True,train
36_147,495,2,0.40404040404040403,True,validation
36_148,171,0,0.0,False,train
36_149,220,0,0.0,False,train
36_150,220,0,0.0,False,train
36_151,175,0,0.0,False,test
36_152,112,0,0.0,False,train
36_153,119,0,0.0,False,validation
36_154,109,0,0.0,False,validation
36_155,342,4,1.1695906432748537,True,train
36_156,480,1,0.20833333333333334,True,train
36_157,222,0,0.0,False,test
36_158,343,0,0.0,False,validation
36_159,400,0,0.0,False,train
36_160,751,1,0.13315579227696406,True,train
36_161,563,0,0.0,False,test
36_162,593,0,0.0,False,train
36_163,480,4,0.8333333333333334,True,train
36_164,530,6,1.1320754716981132,True,train
36_165,234,1,0.4273504273504274,True,train
36_166,254,1,0.39370078740157477,True,train
36_167,174,3,1.7241379310344827,True,train
36_168,24,0,0.0,False,test
36_188,5,0,0.0,False,train
37_145,48,0,0.0,False,train
37_146,466,2,0.4291845493562232,True,train
37_147,333,0,0.0,False,train
37_148,223,0,0.0,False,test
37_149,156,0,0.0,False,train
37_150,97,0,0.0,False,validation
37_151,59,0,0.0,False,train
37_152,106,0,0.0,False,train
37_153,60,0,0.0,False,train
37_154,85,0,0.0,False,test
37_155,280,3,1.0714285714285714,True,train
37_156,642,2,0.3115264797507788,True,train
37_157,595,0,0.0,False,train
37_158,379,0,0.0,False,train
37_159,322,0,0.0,False,test
37_160,725,5,0.6896551724137931,True,test
37_161,613,1,0.1631321370309951,True,train
37_162,401,1,0.24937655860349126,True,train
37_163,315,0,0.0,False,test
37_164,476,6,1.2605042016806722,True,test
37_165,206,4,1.9417475728155338,True,train
37_166,428,8,1.8691588785046727,True,test
37_167,352,2,0.5681818181818182,True,train
37_168,201,0,0.0,False,train
37_169,12,0,0.0,False,train
37_187,40,0,0.0,False,train
37_188,177,6,3.389830508474576,True,test
38_145,74,0,0.0,False,train
38_146,509,5,0.9823182711198428,True,train
38_147,318,0,0.0,False,train
38_148,114,0,0.0,False,test
38_149,140,0,0.0,False,train
38_150,143,0,0.0,False,train
38_151,194,0,0.0,False,validation
38_152,215,0,0.0,False,train
38_153,127,0,0.0,False,test
38_154,264,0,0.0,False,test
38_155,154,0,0.0,False,train
38_156,199,0,0.0,False,train
38_157,496,0,0.0,False,train
38_158,341,0,0.0,False,test
38_159,259,0,0.0,False,test
38_160,773,0,0.0,False,validation
38_161,518,0,0.0,False,train
38_162,548,19,3.4671532846715327,True,train
38_163,141,0,0.0,False,train
38_164,184,0,0.0,False,train
38_165,347,14,4.034582132564841,True,validation
38_166,436,7,1.6055045871559634,True,train
38_167,436,0,0.0,False,train
38_168,284,1,0.35211267605633806,True,validation
38_169,65,0,0.0,False,train
38_170,4,0,0.0,False,train
38_187,304,2,0.6578947368421052,True,validation
38_188,358,21,5.865921787709497,True,test
39_145,160,0,0.0,False,train
39_146,316,1,0.31645569620253167,True,test
39_147,246,1,0.40650406504065045,True,train
39_148,106,0,0.0,False,train
39_149,182,0,0.0,False,train
39_150,163,0,0.0,False,validation
39_151,73,0,0.0,False,train
39_152,73,0,0.0,False,train
39_153,64,0,0.0,False,train
39_154,102,0,0.0,False,train
39_155,157,0,0.0,False,train
39_156,214,1,0.46728971962616817,True,test
39_157,168,0,0.0,False,test
39_158,162,0,0.0,False,test
39_159,219,1,0.45662100456621,True,train
39_160,726,1,0.13774104683195593,True,train
39_161,862,4,0.46403712296983757,True,train
39_162,327,3,0.9174311926605505,True,train
39_163,97,0,0.0,False,train
39_164,301,0,0.0,False,train
39_165,186,1,0.5376344086021506,True,validation
39_166,486,2,0.411522633744856,True,test
39_167,683,17,2.4890190336749636,True,train
39_168,358,2,0.5586592178770949,True,train
39_169,104,1,0.9615384615384616,True,train
39_170,81,0,0.0,False,train
39_171,79,0,0.0,False,train
39_185,2,0,0.0,False,train
39_186,39,0,0.0,False,test
39_187,240,8,3.3333333333333335,True,train
39_188,213,16,7.511737089201878,True,train
40_144,3,0,0.0,False,validation
40_145,55,0,0.0,False,train
40_146,182,0,0.0,False,validation
40_147,156,0,0.0,False,train
40_148,43,0,0.0,False,validation
40_149,29,0,0.0,False,train
40_150,92,0,0.0,False,train
40_151,57,0,0.0,False,train
40_152,96,0,0.0,False,test
40_153,80,0,0.0,False,validation
40_154,111,0,0.0,False,train
40_155,58,0,0.0,False,test
40_156,139,0,0.0,False,test
40_157,114,0,0.0,False,validation
40_158,80,0,0.0,False,train
40_159,274,0,0.0,False,train
40_160,603,0,0.0,False,validation
40_161,522,0,0.0,False,train
40_162,177,0,0.0,False,train
40_163,213,0,0.0,False,validation
40_164,462,0,0.0,False,train
40_165,116,0,0.0,False,test
40_166,128,0,0.0,False,train
40_167,429,1,0.2331002331002331,True,test
40_168,241,0,0.0,False,train
40_169,268,0,0.0,False,test
40_170,177,0,0.0,False,train
40_171,99,0,0.0,False,train
40_172,27,0,0.0,False,test
40_185,76,0,0.0,False,validation
40_186,296,1,0.33783783783783783,True,train
40_187,96,4,4.166666666666666,True,train
40_188,371,14,3.7735849056603774,True,test
41_140,7,0,0.0,False,train
41_141,117,1,0.8547008547008548,True,train
41_142,34,1,2.941176470588235,True,test
41_145,35,0,0.0,False,train
41_146,148,0,0.0,False,train
41_147,379,0,0.0,False,validation
41_148,71,0,0.0,False,test
41_149,41,0,0.0,False,test
41_150,75,0,0.0,False,train
41_151,87,0,0.0,False,train
41_152,40,0,0.0,False,train
41_153,36,0,0.0,False,train
41_154,48,0,0.0,False,train
41_155,37,0,0.0,False,train
41_156,72,0,0.0,False,train
41_157,77,0,0.0,False,train
41_158,130,0,0.0,False,train
41_159,167,0,0.0,False,train
41_160,512,0,0.0,False,train
41_161,293,0,0.0,False,test
41_162,419,1,0.23866348448687352,True,train
41_163,519,6,1.1560693641618496,True,train
41_164,379,1,0.2638522427440633,True,train
41_165,181,0,0.0,False,test
41_166,190,0,0.0,False,train
41_167,209,0,0.0,False,train
41_168,210,0,0.0,False,train
41_169,177,0,0.0,False,train
41_170,196,0,0.0,False,train
41_171,103,0,0.0,False,train
41_172,161,3,1.8633540372670807,True,train
41_173,141,1,0.7092198581560284,True,train
41_184,41,1,2.4390243902439024,True,train
41_185,259,4,1.5444015444015444,True,train
41_186,309,1,0.3236245954692557,True,train
41_187,268,8,2.9850746268656714,True,train
41_188,712,58,8.146067415730338,True,validation
42_140,74,0,0.0,False,train
42_141,136,0,0.0,False,validation
42_142,38,0,0.0,False,train
42_143,43,0,0.0,False,test
42_144,26,0,0.0,False,train
42_145,224,6,2.6785714285714284,True,train
42_146,158,0,0.0,False,train
42_147,208,0,0.0,False,train
42_148,99,1,1.0101010101010102,True,test
42_149,72,0,0.0,False,train
42_150,145,0,0.0,False,test
42_151,152,0,0.0,False,validation
42_152,81,0,0.0,False,train
42_153,100,0,0.0,False,test
42_154,36,0,0.0,False,train
42_155,39,0,0.0,False,validation
42_156,91,0,0.0,False,validation
42_157,94,0,0.0,False,validation
42_158,279,0,0.0,False,validation
42_159,135,0,0.0,False,train
42_160,220,0,0.0,False,test
42_161,380,0,0.0,False,train
42_162,432,2,0.4629629629629629,True,train
42_163,540,6,1.1111111111111112,True,test
42_164,615,6,0.975609756097561,True,train
42_165,490,0,0.0,False,train
42_166,415,0,0.0,False,validation
42_167,359,0,0.0,False,train
42_168,224,0,0.0,False,train
42_169,268,0,0.0,False,train
42_170,216,0,0.0,False,train
42_171,284,2,0.7042253521126761,True,train
42_172,137,0,0.0,False,train
42_173,98,0,0.0,False,train
42_184,154,2,1.2987012987012987,True,train
42_185,297,14,4.713804713804714,True,validation
42_186,180,5,2.7777777777777777,True,train
42_187,250,19,7.6,True,train
42_188,713,54,7.5736325385694245,True,train
43_139,79,0,0.0,False,validation
43_140,138,0,0.0,False,train
43_141,86,0,0.0,False,validation
43_142,54,0,0.0,False,train
43_143,46,0,0.0,False,train
43_144,31,0,0.0,False,train
43_145,225,7,3.111111111111111,True,train
43_146,126,0,0.0,False,train
43_147,154,0,0.0,False,train
43_148,127,0,0.0,False,train
43_149,49,0,0.0,False,test
43_150,47,0,0.0,False,validation
43_151,43,0,0.0,False,train
43_152,71,0,0.0,False,train
43_153,142,0,0.0,False,train
43_154,61,0,0.0,False,train
43_155,71,0,0.0,False,train
43_156,102,0,0.0,False,train
43_157,102,0,0.0,False,train
43_158,134,0,0.0,False,train
43_159,138,0,0.0,False,test
43_160,164,0,0.0,False,train
43_161,70,0,0.0,False,train
43_162,400,0,0.0,False,train
43_163,540,0,0.0,False,train
43_164,510,2,0.39215686274509803,True,train
43_165,573,9,1.5706806282722512,True,test
43_166,479,2,0.41753653444676403,True,test
43_167,400,1,0.25,True,validation
43_168,340,1,0.29411764705882354,True,train
43_169,261,0,0.0,False,test
43_170,395,3,0.7594936708860759,True,train
43_171,86,0,0.0,False,train
43_172,165,0,0.0,False,train
43_173,148,0,0.0,False,test
43_174,320,2,0.625,True,test
43_175,88,0,0.0,False,train
43_177,1,0,0.0,False,train
43_178,1,0,0.0,False,train
43_183,3,0,0.0,False,validation
43_184,328,21,6.402439024390244,True,train
43_185,353,19,5.382436260623229,True,train
43_186,106,1,0.9433962264150944,True,test
43_187,578,9,1.5570934256055362,True,test
43_188,894,9,1.006711409395973,True,train
44_138,19,0,0.0,False,train
44_139,49,2,4.081632653061225,True,train
44_140,109,0,0.0,False,train
44_141,85,0,0.0,False,train
44_142,27,0,0.0,False,train
44_143,50,0,0.0,False,train
44_144,68,0,0.0,False,train
44_145,99,0,0.0,False,train
44_146,141,0,0.0,False,train
44_147,166,0,0.0,False,train
44_148,68,0,0.0,False,validation
44_149,31,0,0.0,False,train
44_150,87,0,0.0,False,train
44_151,183,0,0.0,False,train
44_152,225,0,0.0,False,train
44_153,198,0,0.0,False,train
44_154,315,1,0.31746031746031744,True,train
44_155,98,0,0.0,False,test
44_156,105,1,0.9523809523809524,True,validation
44_157,71,0,0.0,False,train
44_158,326,3,0.9202453987730062,True,train
44_159,539,8,1.4842300556586272,True,train
44_160,402,2,0.4975124378109453,True,train
44_161,70,0,0.0,False,train
44_162,162,0,0.0,False,train
44_163,198,0,0.0,False,train
44_164,307,1,0.32573289902280134,True,test
44_165,384,0,0.0,False,train
44_166,309,0,0.0,False,train
44_167,210,3,1.4285714285714286,True,train
44_168,114,0,0.0,False,train
44_169,91,0,0.0,False,test
44_170,519,1,0.1926782273603083,True,train
44_171,134,1,0.7462686567164178,True,test
44_172,232,0,0.0,False,train
44_173,223,0,0.0,False,train
44_174,354,0,0.0,False,test
44_175,99,0,0.0,False,train
44_176,42,3,7.142857142857142,True,validation
44_177,10,0,0.0,False,test
44_179,2,0,0.0,False,train
44_180,10,0,0.0,False,train
44_181,6,0,0.0,False,test
44_183,27,1,3.7037037037037033,True,train
44_184,293,5,1.7064846416382253,True,train
44_185,369,37,10.02710027100271,True,train
44_186,152,2,1.3157894736842104,True,train
44_187,610,4,0.6557377049180327,True,train
44_188,923,11,1.191765980498375,True,train
44_189,19,0,0.0,False,train
45_138,31,0,0.0,False,train
45_139,46,0,0.0,False,train
45_140,53,0,0.0,False,validation
45_141,125,0,0.0,False,validation
45_142,51,0,0.0,False,train
45_143,57,0,0.0,False,train
45_144,170,0,0.0,False,validation
45_145,75,0,0.0,False,train
45_146,34,0,0.0,False,validation
45_147,87,0,0.0,False,train
45_148,57,0,0.0,False,train
45_149,29,0,0.0,False,train
45_150,306,0,0.0,False,train
45_151,343,0,0.0,False,train
45_152,370,0,0.0,False,test
45_153,320,1,0.3125,True,validation
45_154,565,1,0.17699115044247787,True,train
45_155,696,17,2.442528735632184,True,train
45_156,551,4,0.7259528130671506,True,train
45_157,436,1,0.22935779816513763,True,train
45_158,259,0,0.0,False,test
45_159,218,0,0.0,False,train
45_160,182,0,0.0,False,train
45_161,63,0,0.0,False,train
45_162,79,0,0.0,False,validation
45_163,70,0,0.0,False,test
45_164,142,0,0.0,False,train
45_165,198,0,0.0,False,test
45_166,83,0,0.0,False,train
45_167,108,0,0.0,False,train
45_168,84,0,0.0,False,train
45_169,14,0,0.0,False,train
45_170,257,1,0.38910505836575876,True,validation
45_171,313,0,0.0,False,train
45_172,316,2,0.6329113924050633,True,train
45_173,206,0,0.0,False,train
45_174,212,0,0.0,False,validation
45_175,205,0,0.0,False,validation
45_176,101,0,0.0,False,test
45_177,7,0,0.0,False,test
45_178,1,0,0.0,False,train
45_179,17,0,0.0,False,train
45_180,2,0,0.0,False,validation
45_181,5,0,0.0,False,test
45_182,4,0,0.0,False,train
45_183,129,3,2.3255813953488373,True,test
45_184,256,0,0.0,False,train
45_185,223,14,6.278026905829597,True,train
45_186,166,1,0.6024096385542169,True,train
45_187,539,3,0.5565862708719851,True,train
45_188,717,14,1.9525801952580195,True,test
45_189,38,0,0.0,False,validation
46_137,78,2,2.564102564102564,True,train
46_138,86,1,1.1627906976744187,True,validation
46_139,81,0,0.0,False,train
46_140,67,0,0.0,False,train
46_141,31,0,0.0,False,test
46_142,48,0,0.0,False,train
46_143,60,0,0.0,False,train
46_144,125,0,0.0,False,test
46_145,25,0,0.0,False,train
46_146,24,0,0.0,False,validation
46_147,139,0,0.0,False,train
46_148,48,0,0.0,False,train
46_149,45,0,0.0,False,train
46_150,138,0,0.0,False,train
46_151,346,2,0.5780346820809248,True,train
46_152,209,0,0.0,False,train
46_153,177,0,0.0,False,validation
46_154,263,3,1.1406844106463878,True,test
46_155,526,6,1.1406844106463878,True,train
46_156,438,0,0.0,False,validation
46_157,303,0,0.0,False,validation
46_158,212,0,0.0,False,train
46_159,459,22,4.793028322440087,True,validation
46_160,309,7,2.26537216828479,True,validation
46_161,43,0,0.0,False,validation
46_162,93,0,0.0,False,train
46_163,43,0,0.0,False,train
46_164,81,0,0.0,False,train
46_165,69,0,0.0,False,validation
46_166,108,0,0.0,False,train
46_167,190,0,0.0,False,validation
46_168,218,0,0.0,False,test
46_169,35,0,0.0,False,test
46_170,42,0,0.0,False,test
46_171,104,0,0.0,False,train
46_172,77,0,0.0,False,train
46_173,95,0,0.0,False,test
46_174,276,0,0.0,False,train
46_175,339,0,0.0,False,test
46_176,151,0,0.0,False,train
46_177,19,0,0.0,False,validation
46_178,13,0,0.0,False,train
46_179,25,0,0.0,False,train
46_180,42,0,0.0,False,train
46_181,16,0,0.0,False,train
46_182,10,1,10.0,True,train
46_183,225,1,0.4444444444444444,True,train
46_184,327,21,6.422018348623854,True,train
46_185,178,12,6.741573033707865,True,train
46_186,129,1,0.7751937984496124,True,train
46_187,490,8,1.6326530612244898,True,train
46_188,719,1,0.13908205841446453,True,test
46_189,97,0,0.0,False,train
47_137,25,0,0.0,False,test
47_138,46,0,0.0,False,train
47_139,20,0,0.0,False,train
47_140,16,0,0.0,False,validation
47_141,24,0,0.0,False,train
47_142,21,0,0.0,False,train
47_143,46,0,0.0,False,train
47_144,36,0,0.0,False,train
47_145,24,0,0.0,False,train
47_146,182,1,0.5494505494505495,True,validation
47_147,109,0,0.0,False,train
47_148,104,0,0.0,False,train
47_149,130,0,0.0,False,train
47_150,46,0,0.0,False,test
47_151,106,0,0.0,False,train
47_152,66,0,0.0,False,test
47_153,40,0,0.0,False,train
47_154,177,0,0.0,False,test
47_155,423,3,0.7092198581560284,True,validation
47_156,372,0,0.0,False,validation
47_157,211,0,0.0,False,train
47_158,172,0,0.0,False,validation
47_159,316,1,0.31645569620253167,True,train
47_160,308,1,0.3246753246753247,True,train
47_161,195,0,0.0,False,train
47_162,84,0,0.0,False,train
47_163,167,0,0.0,False,test
47_164,239,0,0.0,False,train
47_165,253,0,0.0,False,test
47_166,170,0,0.0,False,test
47_167,203,0,0.0,False,train
47_168,237,0,0.0,False,train
47_169,152,0,0.0,False,train
47_170,193,0,0.0,False,train
47_171,158,1,0.6329113924050633,True,train
47_172,222,2,0.9009009009009009,True,train
47_173,131,1,0.7633587786259541,True,train
47_174,208,1,0.4807692307692308,True,train
47_175,212,0,0.0,False,train
47_176,184,0,0.0,False,train
47_177,134,0,0.0,False,test
47_178,39,0,0.0,False,train
47_179,50,0,0.0,False,validation
47_180,54,0,0.0,False,train
47_181,44,0,0.0,False,validation
47_182,19,0,0.0,False,train
47_183,330,1,0.30303030303030304,True,train
47_184,259,10,3.861003861003861,True,train
47_185,159,6,3.7735849056603774,True,train
47_186,139,0,0.0,False,train
47_187,453,33,7.28476821192053,True,validation
47_188,511,2,0.3913894324853229,True,train
47_189,45,0,0.0,False,train
48_135,68,0,0.0,False,validation
48_136,49,0,0.0,False,validation
48_137,20,0,0.0,False,validation
48_138,35,0,0.0,False,train
48_139,23,1,4.3478260869565215,True,train
48_140,1,0,0.0,False,train
48_141,7,0,0.0,False,test
48_142,8,1,12.5,True,validation
48_143,8,0,0.0,False,train
48_144,13,0,0.0,False,train
48_145,54,0,0.0,False,train
48_146,172,0,0.0,False,train
48_147,199,1,0.5025125628140703,True,validation
48_148,236,2,0.847457627118644,True,train
48_149,199,1,0.5025125628140703,True,validation
48_150,18,0,0.0,False,train
48_151,24,0,0.0,False,test
48_152,18,0,0.0,False,validation
48_153,37,0,0.0,False,validation
48_154,213,3,1.4084507042253522,True,train
48_155,314,3,0.9554140127388535,True,test
48_156,207,0,0.0,False,train
48_157,145,0,0.0,False,train
48_158,269,2,0.7434944237918215,True,validation
48_159,124,0,0.0,False,train
48_160,131,1,0.7633587786259541,True,train
48_161,283,1,0.35335689045936397,True,train
48_162,199,0,0.0,False,train
48_163,96,0,0.0,False,train
48_164,63,0,0.0,False,train
48_165,81,0,0.0,False,train
48_166,84,0,0.0,False,train
48_167,85,0,0.0,False,test
48_168,84,0,0.0,False,validation
48_169,105,0,0.0,False,train
48_170,118,0,0.0,False,train
48_171,55,0,0.0,False,train
48_172,30,0,0.0,False,train
48_173,23,0,0.0,False,train
48_174,151,0,0.0,False,train
48_175,165,0,0.0,False,test
48_176,124,0,0.0,False,train
48_177,195,0,0.0,False,validation
48_178,108,0,0.0,False,train
48_179,36,0,0.0,False,train
48_180,50,0,0.0,False,train
48_181,1,0,0.0,False,train
48_182,28,0,0.0,False,train
48_183,68,0,0.0,False,train
48_184,174,2,1.1494252873563218,True,train
48_185,238,5,2.100840336134454,True,train
48_186,114,6,5.263157894736842,True,test
48_187,292,10,3.4246575342465753,True,validation
48_188,336,0,0.0,False,validation
48_189,100,0,0.0,False,train
49_134,1,0,0.0,False,train
49_135,67,0,0.0,False,train
49_136,175,1,0.5714285714285714,True,train
49_137,92,0,0.0,False,train
49_138,94,0,0.0,False,train
49_139,2,0,0.0,False,validation
49_140,3,0,0.0,False,validation
49_141,7,0,0.0,False,train
49_142,10,0,0.0,False,validation
49_143,13,0,0.0,False,train
49_144,6,0,0.0,False,train
49_145,26,0,0.0,False,test
49_146,193,0,0.0,False,train
49_147,211,0,0.0,False,test
49_148,42,0,0.0,False,train
49_149,41,0,0.0,False,train
49_150,75,0,0.0,False,train
49_151,29,0,0.0,False,train
49_152,153,1,0.6535947712418301,True,train
49_153,186,1,0.5376344086021506,True,test
49_154,410,2,0.4878048780487805,True,train
49_155,394,1,0.25380710659898476,True,validation
49_156,132,1,0.7575757575757576,True,train
49_157,89,0,0.0,False,train
49_158,169,0,0.0,False,train
49_159,138,0,0.0,False,train
49_160,171,2,1.1695906432748537,True,validation
49_161,363,3,0.8264462809917356,True,train
49_162,297,2,0.6734006734006733,True,validation
49_163,99,0,0.0,False,train
49_164,57,0,0.0,False,train
49_165,35,0,0.0,False,train
49_166,72,0,0.0,False,train
49_167,283,5,1.76678445229682,True,train
49_168,202,0,0.0,False,validation
49_169,51,0,0.0,False,train
49_170,125,0,0.0,False,train
49_171,309,0,0.0,False,validation
49_172,151,0,0.0,False,train
49_173,62,0,0.0,False,train
49_174,154,2,1.2987012987012987,True,test
49_175,166,0,0.0,False,train
49_176,25,0,0.0,False,train
49_177,10,0,0.0,False,train
49_178,63,0,0.0,False,train
49_179,12,0,0.0,False,train
49_180,4,0,0.0,False,train
49_181,1,0,0.0,False,test
49_183,12,0,0.0,False,train
49_184,21,0,0.0,False,train
49_185,37,0,0.0,False,train
49_186,149,7,4.697986577181208,True,test
49_187,227,6,2.643171806167401,True,train
49_188,190,1,0.5263157894736842,True,test
49_189,112,1,0.8928571428571428,True,validation
50_135,10,0,0.0,False,train
50_136,106,0,0.0,False,train
50_137,249,0,0.0,False,test
50_138,124,0,0.0,False,train
50_139,24,0,0.0,False,train
50_141,4,0,0.0,False,validation
50_142,4,0,0.0,False,train
50_143,14,0,0.0,False,train
50_144,7,0,0.0,False,train
50_145,11,0,0.0,False,train
50_146,85,1,1.1764705882352942,True,train
50_147,119,0,0.0,False,train
50_148,14,0,0.0,False,validation
50_149,30,0,0.0,False,train
50_150,15,0,0.0,False,train
50_151,232,3,1.293103448275862,True,test
50_152,386,7,1.8134715025906734,True,train
50_153,343,13,3.7900874635568513,True,train
50_154,224,1,0.4464285714285714,True,train
50_155,155,0,0.0,False,train
50_156,35,0,0.0,False,train
50_157,40,0,0.0,False,train
50_158,70,0,0.0,False,train
50_159,63,0,0.0,False,train
50_160,34,0,0.0,False,validation
50_161,103,0,0.0,False,train
50_162,113,0,0.0,False,train
50_163,178,0,0.0,False,train
50_164,69,1,1.4492753623188406,True,train
50_165,45,0,0.0,False,train
50_166,305,5,1.639344262295082,True,train
50_167,582,43,7.3883161512027495,True,test
50_168,598,22,3.678929765886288,True,train
50_169,131,0,0.0,False,validation
50_170,272,3,1.1029411764705883,True,train
50_171,168,0,0.0,False,validation
50_172,244,0,0.0,False,train
50_173,60,0,0.0,False,train
50_174,46,0,0.0,False,train
50_175,159,0,0.0,False,train
50_176,87,0,0.0,False,train
50_177,83,0,0.0,False,train
50_178,4,0,0.0,False,train
50_179,9,0,0.0,False,validation
50_180,40,0,0.0,False,train
50_181,72,1,1.3888888888888888,True,validation
50_182,147,0,0.0,False,train
50_183,78,0,0.0,False,validation
50_184,231,3,1.2987012987012987,True,test
50_185,290,4,1.3793103448275863,True,train
50_186,361,10,2.7700831024930745,True,train
50_187,188,12,6.382978723404255,True,train
50_188,257,1,0.38910505836575876,True,train
50_189,94,0,0.0,False,train
51_136,36,0,0.0,False,train
51_137,251,0,0.0,False,train
51_138,144,0,0.0,False,train
51_139,6,0,0.0,False,train
51_140,8,0,0.0,False,train
51_141,3,0,0.0,False,train
51_142,9,0,0.0,False,train
51_143,1,0,0.0,False,train
51_144,12,0,0.0,False,train
51_145,24,0,0.0,False,train
51_146,21,0,0.0,False,train
51_147,10,0,0.0,False,train
51_148,7,0,0.0,False,train
51_149,16,0,0.0,False,test
51_150,14,0,0.0,False,validation
51_151,23,0,0.0,False,train
51_152,79,0,0.0,False,train
51_153,378,66,17.46031746031746,True,validation
51_154,110,0,0.0,False,validation
51_155,121,1,0.8264462809917356,True,train
51_156,496,33,6.653225806451612,True,test
51_157,535,21,3.925233644859813,True,train
51_158,209,1,0.4784688995215311,True,train
51_159,150,0,0.0,False,train
51_160,119,1,0.8403361344537815,True,validation
51_161,202,0,0.0,False,validation
51_162,130,0,0.0,False,validation
51_163,93,0,0.0,False,train
51_164,101,0,0.0,False,train
51_165,189,0,0.0,False,train
51_166,157,0,0.0,False,validation
51_167,253,1,0.3952569169960474,True,test
51_168,238,1,0.42016806722689076,True,train
51_169,137,1,0.7299270072992701,True,train
51_170,55,0,0.0,False,train
51_171,21,0,0.0,False,train
51_172,49,0,0.0,False,test
51_173,18,0,0.0,False,validation
51_174,21,0,0.0,False,test
51_175,48,0,0.0,False,train
51_176,74,0,0.0,False,test
51_177,8,0,0.0,False,validation
51_178,5,0,0.0,False,train
51_179,17,0,0.0,False,train
51_180,68,0,0.0,False,test
51_181,274,5,1.824817518248175,True,train
51_182,360,4,1.1111111111111112,True,train
51_183,510,11,2.156862745098039,True,test
51_184,619,10,1.615508885298869,True,train
51_185,411,17,4.13625304136253,True,validation
51_186,245,6,2.4489795918367347,True,train
51_187,277,4,1.444043321299639,True,train
51_188,183,3,1.639344262295082,True,train
51_189,90,1,1.1111111111111112,True,train
52_135,11,0,0.0,False,test
52_136,247,0,0.0,False,train
52_137,132,0,0.0,False,train
52_138,24,0,0.0,False,validation
52_140,2,0,0.0,False,validation
52_141,13,0,0.0,False,train
52_142,27,0,0.0,False,train
52_143,6,0,0.0,False,train
52_145,10,0,0.0,False,train
52_146,25,0,0.0,False,train
52_147,13,0,0.0,False,train
52_148,8,0,0.0,False,train
52_149,11,0,0.0,False,validation
52_150,12,0,0.0,False,train
52_151,10,0,0.0,False,test
52_152,6,0,0.0,False,train
52_153,24,0,0.0,False,test
52_154,53,1,1.8867924528301887,True,train
52_155,69,0,0.0,False,test
52_156,215,4,1.8604651162790697,True,train
52_157,196,11,5.612244897959184,True,test
52_158,308,2,0.6493506493506493,True,train
52_159,224,0,0.0,False,train
52_160,108,0,0.0,False,validation
52_161,185,0,0.0,False,test
52_162,211,0,0.0,False,train
52_163,210,0,0.0,False,validation
52_164,162,0,0.0,False,train
52_165,219,0,0.0,False,train
52_166,255,0,0.0,False,train
52_167,560,4,0.7142857142857143,True,train
52_168,206,0,0.0,False,test
52_169,139,1,0.7194244604316548,True,train
52_170,39,0,0.0,False,train
52_171,22,0,0.0,False,train
52_172,13,0,0.0,False,train
52_173,19,0,0.0,False,validation
52_174,41,0,0.0,False,train
52_175,61,0,0.0,False,train
52_176,28,0,0.0,False,train
52_177,21,0,0.0,False,train
52_178,35,0,0.0,False,train
52_179,29,0,0.0,False,validation
52_180,55,0,0.0,False,train
52_181,53,0,0.0,False,train
52_182,38,0,0.0,False,train
52_183,175,1,0.5714285714285714,True,train
52_184,219,6,2.73972602739726,True,train
52_185,135,0,0.0,False,train
52_186,255,5,1.9607843137254901,True,train
52_187,143,1,0.6993006993006993,True,train
52_188,118,2,1.694915254237288,True,train
52_189,96,1,1.0416666666666665,True,validation
52_190,47,1,2.127659574468085,True,train
53_135,6,0,0.0,False,train
53_136,254,1,0.39370078740157477,True,train
53_137,40,2,5.0,True,validation
53_138,3,0,0.0,False,test
53_140,3,0,0.0,False,train
53_141,1,0,0.0,False,train
53_142,61,0,0.0,False,test
53_143,53,0,0.0,False,test
53_144,10,0,0.0,False,train
53_145,4,0,0.0,False,test
53_146,4,0,0.0,False,validation
53_147,10,0,0.0,False,validation
53_148,1,0,0.0,False,test
53_149,10,0,0.0,False,validation
53_150,12,0,0.0,False,train
53_151,17,0,0.0,False,train
53_152,11,0,0.0,False,train
53_153,15,0,0.0,False,train
53_154,5,0,0.0,False,train
53_155,9,0,0.0,False,train
53_156,64,2,3.125,True,train
53_157,101,0,0.0,False,train
53_158,225,0,0.0,False,test
53_159,174,0,0.0,False,validation
53_160,107,0,0.0,False,train
53_161,122,0,0.0,False,train
53_162,125,0,0.0,False,train
53_163,139,0,0.0,False,train
53_164,143,0,0.0,False,train
53_165,320,5,1.5625,True,train
53_166,492,3,0.6097560975609756,True,train
53_167,510,6,1.1764705882352942,True,validation
53_168,253,0,0.0,False,train
53_169,112,0,0.0,False,train
53_170,73,0,0.0,False,train
53_171,71,0,0.0,False,train
53_172,185,0,0.0,False,train
53_173,366,1,0.273224043715847,True,train
53_174,269,1,0.37174721189591076,True,train
53_175,248,0,0.0,False,train
53_176,120,0,0.0,False,train
53_177,76,0,0.0,False,train
53_178,67,0,0.0,False,validation
53_179,60,0,0.0,False,train
53_180,114,0,0.0,False,train
53_181,141,5,3.546099290780142,True,train
53_182,74,4,5.405405405405405,True,validation
53_183,58,0,0.0,False,validation
53_184,86,0,0.0,False,test
53_185,63,0,0.0,False,train
53_186,163,5,3.067484662576687,True,validation
53_187,78,0,0.0,False,test
53_188,57,0,0.0,False,train
53_189,154,2,1.2987012987012987,True,train
53_190,188,10,5.319148936170213,True,train
53_191,34,1,2.941176470588235,True,train
53_192,4,0,0.0,False,validation
54_136,116,2,1.7241379310344827,True,validation
54_137,67,0,0.0,False,validation
54_138,19,0,0.0,False,train
54_140,14,0,0.0,False,test
54_141,36,0,0.0,False,train
54_142,14,0,0.0,False,train
54_143,18,0,0.0,False,train
54_144,75,1,1.3333333333333335,True,test
54_145,3,0,0.0,False,test
54_147,1,0,0.0,False,train
54_148,7,0,0.0,False,validation
54_149,3,0,0.0,False,train
54_150,4,0,0.0,False,train
54_151,17,0,0.0,False,train
54_152,16,0,0.0,False,train
54_153,5,0,0.0,False,test
54_154,18,0,0.0,False,validation
54_155,18,0,0.0,False,train
54_156,22,0,0.0,False,train
54_157,75,0,0.0,False,train
54_158,86,0,0.0,False,test
54_159,66,0,0.0,False,train
54_160,171,0,0.0,False,validation
54_161,95,0,0.0,False,train
54_162,152,0,0.0,False,train
54_163,114,0,0.0,False,train
54_164,161,1,0.6211180124223602,True,train
54_165,728,12,1.6483516483516485,True,train
54_166,607,6,0.9884678747940692,True,train
54_167,522,8,1.532567049808429,True,train
54_168,510,1,0.19607843137254902,True,train
54_169,655,1,0.15267175572519084,True,train
54_170,633,0,0.0,False,validation
54_171,682,3,0.43988269794721413,True,train
54_172,478,0,0.0,False,train
54_173,357,5,1.400560224089636,True,train
54_174,302,0,0.0,False,train
54_175,237,3,1.2658227848101267,True,train
54_176,57,0,0.0,False,train
54_177,41,0,0.0,False,train
54_178,8,0,0.0,False,test
54_179,31,0,0.0,False,train
54_180,21,0,0.0,False,validation
54_181,11,0,0.0,False,train
54_182,45,0,0.0,False,train
54_183,25,0,0.0,False,train
54_184,63,0,0.0,False,train
54_185,53,3,5.660377358490567,True,validation
54_186,55,0,0.0,False,validation
54_187,72,0,0.0,False,train
54_188,134,0,0.0,False,train
54_189,76,0,0.0,False,train
54_190,38,2,5.263157894736842,True,validation
54_191,58,0,0.0,False,train
54_192,99,10,10.1010101010101,True,train
55_136,98,1,1.0204081632653061,True,train
55_137,147,0,0.0,False,train
55_138,208,2,0.9615384615384616,True,validation
55_139,78,0,0.0,False,train
55_141,1,0,0.0,False,train
55_142,2,0,0.0,False,train
55_143,9,0,0.0,False,train
55_144,21,0,0.0,False,train
55_145,29,0,0.0,False,validation
55_146,9,1,11.11111111111111,True,test
55_147,5,0,0.0,False,test
55_148,1,0,0.0,False,train
55_149,1,0,0.0,False,test
55_150,9,0,0.0,False,train
55_151,18,0,0.0,False,test
55_152,29,0,0.0,False,train
55_153,15,0,0.0,False,train
55_154,108,0,0.0,False,validation
55_155,141,0,0.0,False,validation
55_156,73,0,0.0,False,validation
55_157,47,0,0.0,False,train
55_158,57,0,0.0,False,train
55_159,189,0,0.0,False,train
55_160,290,1,0.3448275862068966,True,validation
55_161,211,0,0.0,False,train
55_162,169,0,0.0,False,validation
55_163,303,3,0.9900990099009901,True,train
55_164,564,0,0.0,False,train
55_165,623,3,0.4815409309791332,True,train
55_166,474,1,0.21097046413502107,True,train
55_167,521,0,0.0,False,train
55_168,440,7,1.5909090909090908,True,train
55_169,484,4,0.8264462809917356,True,test
55_170,339,0,0.0,False,test
55_171,376,1,0.26595744680851063,True,train
55_172,146,1,0.684931506849315,True,train
55_173,8,0,0.0,False,train
55_174,31,0,0.0,False,train
55_175,14,0,0.0,False,train
55_177,2,0,0.0,False,train
55_178,5,0,0.0,False,train
55_179,10,0,0.0,False,train
55_180,3,0,0.0,False,train
55_181,1,0,0.0,False,validation
55_183,17,0,0.0,False,train
55_185,7,0,0.0,False,validation
55_186,13,0,0.0,False,train
55_187,45,1,2.2222222222222223,True,train
55_188,31,0,0.0,False,train
55_189,48,0,0.0,False,train
55_190,83,0,0.0,False,validation
55_191,69,0,0.0,False,train
55_192,145,9,6.206896551724138,True,test
55_193,14,0,0.0,False,train
56_136,6,0,0.0,False,train
56_137,104,0,0.0,False,train
56_138,177,1,0.5649717514124294,True,test
56_139,333,5,1.5015015015015014,True,train
56_140,160,0,0.0,False,train
56_141,2,0,0.0,False,train
56_142,1,0,0.0,False,validation
56_143,2,0,0.0,False,validation
56_144,1,0,0.0,False,validation
56_145,11,0,0.0,False,test
56_146,75,0,0.0,False,train
56_147,1,0,0.0,False,train
56_148,1,0,0.0,False,train
56_149,1,0,0.0,False,train
56_150,6,0,0.0,False,train
56_151,20,0,0.0,False,train
56_152,33,0,0.0,False,train
56_153,95,1,1.0526315789473684,True,test
56_154,125,0,0.0,False,train
56_155,223,0,0.0,False,validation
56_156,79,0,0.0,False,train
56_157,64,0,0.0,False,train
56_158,114,0,0.0,False,train
56_159,255,0,0.0,False,train
56_160,451,1,0.22172949002217296,True,train
56_161,436,0,0.0,False,train
56_162,379,2,0.5277044854881267,True,train
56_163,691,1,0.1447178002894356,True,train
56_164,463,6,1.2958963282937366,True,train
56_165,242,1,0.4132231404958678,True,train
56_166,326,0,0.0,False,train
56_167,440,0,0.0,False,validation
56_168,305,0,0.0,False,test
56_169,216,0,0.0,False,train
56_170,115,3,2.608695652173913,True,train
56_171,1,0,0.0,False,train
56_172,3,0,0.0,False,train
56_186,2,0,0.0,False,train
56_187,3,0,0.0,False,train
56_188,14,0,0.0,False,train
56_189,35,0,0.0,False,test
56_190,51,0,0.0,False,train
56_191,93,1,1.0752688172043012,True,train
56_192,13,0,0.0,False,train
56_193,22,0,0.0,False,train
57_138,4,0,0.0,False,train
57_139,61,0,0.0,False,test
57_140,341,1,0.2932551319648094,True,train
57_141,286,0,0.0,False,validation
57_142,82,2,2.4390243902439024,True,train
57_143,5,0,0.0,False,validation
57_144,6,0,0.0,False,test
57_146,7,0,0.0,False,train
57_147,2,0,0.0,False,train
57_149,2,0,0.0,False,test
57_150,3,0,0.0,False,test
57_151,24,0,0.0,False,train
57_152,238,0,0.0,False,validation
57_153,411,1,0.24330900243309003,True,train
57_154,212,0,0.0,False,train
57_155,206,0,0.0,False,train
57_156,132,0,0.0,False,validation
57_157,135,0,0.0,False,validation
57_158,243,0,0.0,False,train
57_159,458,1,0.21834061135371177,True,train
57_160,512,3,0.5859375,True,train
57_161,581,2,0.34423407917383825,True,train
57_162,746,3,0.40214477211796246,True,validation
57_163,563,8,1.4209591474245116,True,train
57_164,377,2,0.5305039787798408,True,test
57_165,153,4,2.6143790849673203,True,train
57_166,33,1,3.0303030303030303,True,train
57_167,15,0,0.0,False,train
57_168,2,0,0.0,False,train
57_169,2,0,0.0,False,train
57_188,13,0,0.0,False,validation
57_189,2,0,0.0,False,train
57_190,7,0,0.0,False,test
57_191,50,1,2.0,True,train
57_192,5,0,0.0,False,train
58_140,182,0,0.0,False,train
58_141,318,2,0.628930817610063,True,validation
58_142,216,1,0.4629629629629629,True,train
58_143,158,0,0.0,False,validation
58_144,69,0,0.0,False,validation
58_145,33,0,0.0,False,train
58_146,53,0,0.0,False,train
58_147,107,2,1.8691588785046727,True,train
58_148,93,1,1.0752688172043012,True,train
58_149,64,0,0.0,False,test
58_150,67,0,0.0,False,test
58_151,170,0,0.0,False,validation
58_152,415,1,0.24096385542168677,True,validation
58_153,461,2,0.43383947939262474,True,validation
58_154,433,0,0.0,False,train
58_155,253,0,0.0,False,train
58_156,191,1,0.5235602094240838,True,train
58_157,215,1,0.46511627906976744,True,train
58_158,415,3,0.7228915662650602,True,train
58_159,618,5,0.8090614886731391,True,train
58_160,729,2,0.2743484224965706,True,test
58_161,679,0,0.0,False,train
58_162,395,4,1.0126582278481013,True,train
58_163,163,2,1.2269938650306749,True,test
58_164,94,1,1.0638297872340425,True,train
58_165,37,1,2.7027027027027026,True,train
58_191,1,0,0.0,False,train
59_141,224,4,1.7857142857142856,True,train
59_142,195,0,0.0,False,train
59_143,304,1,0.3289473684210526,True,train
59_144,322,1,0.3105590062111801,True,train
59_145,238,0,0.0,False,train
59_146,90,0,0.0,False,train
59_147,82,0,0.0,False,validation
59_148,208,12,5.769230769230769,True,train
59_149,322,7,2.1739130434782608,True,train
59_150,465,2,0.43010752688172044,True,train
59_151,485,3,0.6185567010309279,True,train
59_152,422,1,0.23696682464454977,True,train
59_153,521,2,0.3838771593090211,True,train
59_154,382,0,0.0,False,train
59_155,254,0,0.0,False,train
59_156,273,0,0.0,False,train
59_157,457,2,0.437636761487965,True,train
59_158,734,3,0.4087193460490463,True,train
59_159,680,7,1.0294117647058822,True,train
59_160,570,1,0.17543859649122806,True,train
59_161,179,1,0.5586592178770949,True,test
59_162,97,0,0.0,False,test
59_163,132,1,0.7575757575757576,True,train
59_164,100,0,0.0,False,train
59_165,4,0,0.0,False,test
59_188,1,0,0.0,False,train
59_189,1,0,0.0,False,train
60_141,277,11,3.9711191335740073,True,train
60_142,180,2,1.1111111111111112,True,train
60_143,220,2,0.9090909090909091,True,train
60_144,204,0,0.0,False,train
60_145,228,0,0.0,False,train
60_146,433,6,1.3856812933025404,True,train
60_147,382,6,1.5706806282722512,True,train
60_148,467,1,0.21413276231263384,True,test
60_149,612,8,1.3071895424836601,True,train
60_150,593,2,0.33726812816188867,True,validation
60_151,699,11,1.5736766809728182,True,train
60_152,555,3,0.5405405405405406,True,train
60_153,493,1,0.2028397565922921,True,validation
60_154,295,0,0.0,False,train
60_155,171,0,0.0,False,train
60_156,398,2,0.5025125628140703,True,train
60_157,699,3,0.4291845493562232,True,train
60_158,405,1,0.24691358024691357,True,validation
60_159,127,2,1.574803149606299,True,train
60_160,58,1,1.7241379310344827,True,validation
60_161,41,0,0.0,False,train
60_162,1,0,0.0,False,train
60_163,2,0,0.0,False,train
60_189,1,0,0.0,False,train
61_140,1,0,0.0,False,train
61_141,228,5,2.1929824561403506,True,train
61_142,42,0,0.0,False,test
61_143,393,8,2.035623409669211,True,train
61_144,408,0,0.0,False,test
61_145,251,0,0.0,False,test
61_146,253,0,0.0,False,train
61_147,603,23,3.814262023217247,True,train
61_148,637,10,1.5698587127158554,True,train
61_149,659,13,1.9726858877086493,True,train
61_150,715,7,0.9790209790209791,True,train
61_151,591,6,1.015228426395939,True,train
61_152,545,1,0.1834862385321101,True,train
61_153,335,0,0.0,False,train
61_154,412,1,0.24271844660194172,True,test
61_155,368,1,0.2717391304347826,True,test
61_156,446,3,0.672645739910314,True,train
61_157,90,0,0.0,False,train
61_158,33,0,0.0,False,train
61_159,18,0,0.0,False,train
62_140,11,0,0.0,False,train
62_141,330,2,0.6060606060606061,True,train
62_142,43,0,0.0,False,test
62_143,16,0,0.0,False,train
62_144,435,3,0.6896551724137931,True,validation
62_145,236,1,0.423728813559322,True,train
62_146,272,1,0.3676470588235294,True,train
62_147,535,4,0.7476635514018692,True,train
62_148,241,2,0.8298755186721992,True,train
62_149,678,4,0.5899705014749262,True,validation
62_150,611,6,0.9819967266775778,True,train
62_151,535,0,0.0,False,train
62_152,293,2,0.6825938566552902,True,train
62_153,382,2,0.5235602094240838,True,train
62_154,474,5,1.0548523206751055,True,train
62_155,251,1,0.398406374501992,True,train
62_156,96,1,1.0416666666666665,True,train
63_140,35,0,0.0,False,train
63_141,363,16,4.40771349862259,True,train
63_142,135,1,0.7407407407407408,True,validation
63_143,7,0,0.0,False,validation
63_144,348,5,1.4367816091954022,True,train
63_145,450,1,0.2222222222222222,True,train
63_146,502,6,1.1952191235059761,True,test
63_147,599,7,1.1686143572621035,True,train
63_148,528,5,0.946969696969697,True,train
63_149,714,17,2.380952380952381,True,test
63_150,800,9,1.125,True,test
63_151,457,10,2.1881838074398248,True,train
63_152,496,2,0.4032258064516129,True,train
63_153,244,0,0.0,False,test
63_154,174,0,0.0,False,train
63_155,63,0,0.0,False,train
63_156,9,0,0.0,False,train
64_140,54,0,0.0,False,train
64_141,64,0,0.0,False,train
64_142,144,0,0.0,False,train
64_143,51,0,0.0,False,train
64_144,204,0,0.0,False,train
64_145,176,0,0.0,False,train
64_146,365,5,1.36986301369863,True,train
64_147,661,9,1.361573373676248,True,train
64_148,604,6,0.9933774834437087,True,test
64_149,605,6,0.9917355371900827,True,train
64_150,566,6,1.0600706713780919,True,train
64_151,303,2,0.6600660066006601,True,train
64_152,312,0,0.0,False,test
64_153,88,1,1.1363636363636365,True,validation
64_154,59,0,0.0,False,train
65_140,62,0,0.0,False,train
65_141,15,0,0.0,False,test
65_142,60,0,0.0,False,train
65_143,104,0,0.0,False,train
65_144,92,1,1.0869565217391304,True,train
65_145,121,0,0.0,False,train
65_146,131,0,0.0,False,train
65_147,242,0,0.0,False,validation
65_148,342,2,0.5847953216374269,True,train
65_149,422,4,0.9478672985781991,True,train
65_150,237,0,0.0,False,test
65_151,180,0,0.0,False,train
65_152,151,0,0.0,False,test
65_153,8,0,0.0,False,train
66_140,59,1,1.694915254237288,True,train
66_141,116,0,0.0,False,train
66_142,77,0,0.0,False,train
66_143,97,0,0.0,False,validation
66_144,101,0,0.0,False,train
66_145,144,0,0.0,False,train
66_146,160,0,0.0,False,train
66_147,149,0,0.0,False,validation
66_148,305,1,0.32786885245901637,True,test
66_149,170,0,0.0,False,train
66_150,230,0,0.0,False,train
66_151,168,1,0.5952380952380952,True,test
66_152,28,0,0.0,False,test
66_153,3,0,0.0,False,train
67_140,38,0,0.0,False,train
67_141,173,1,0.5780346820809248,True,train
67_142,160,0,0.0,False,train
67_143,106,1,0.9433962264150944,True,train
67_144,88,1,1.1363636363636365,True,train
67_145,145,0,0.0,False,validation
67_146,307,1,0.32573289902280134,True,train
67_147,264,0,0.0,False,train
67_148,92,0,0.0,False,train
67_149,10,0,0.0,False,train
67_150,67,0,0.0,False,train
67_151,17,1,5.88235294117647,True,validation
68_141,6,0,0.0,False,train
68_142,62,0,0.0,False,train
68_143,18,0,0.0,False,train
68_144,75,0,0.0,False,train
68_145,278,0,0.0,False,validation
68_146,313,0,0.0,False,train
68_147,157,0,0.0,False,train
68_148,65,1,1.5384615384615385,True,test
68_149,80,0,0.0,False,train
68_150,12,1,8.333333333333332,True,train
69_141,23,0,0.0,False,validation
69_142,42,0,0.0,False,train
69_143,76,0,0.0,False,test
69_144,74,0,0.0,False,test
69_145,119,0,0.0,False,validation
69_146,114,0,0.0,False,test
69_147,22,0,0.0,False,test
69_148,16,0,0.0,False,train
69_149,11,0,0.0,False,validation
70_141,1,0,0.0,False,test
70_142,15,0,0.0,False,test
70_143,6,1,16.666666666666664,True,test
70_144,6,0,0.0,False,train
70_145,32,1,3.125,True,validation
70_146,18,0,0.0,False,train
70_147,12,0,0.0,False,train
70_148,1,0,0.0,False,validation
71_145,2,0,0.0,False,validation
71_146,3,0,0.0,False,train
71_147,21,0,0.0,False,train
71_148,1,0,0.0,False,train
